{
  "project_info": {
    "project_number": "559625535756",
    "project_id": "streaming-ai-assistant",
    "storage_bucket": "streaming-ai-assistant.appspot.com"
  },
  "client": [
    {
      "client_info": {
        "mobilesdk_app_id": "1:559625535756:android:b9deb7e5b322f4ef3a4929",
        "android_client_info": {
          "package_name": "com.company.aiassistant"
        }
      },
      "oauth_client": [],
      "api_key": [
        {
          "current_key": "AIzaSyBgWZwZI0bgsNzb7LFth-U3kZWEHVd45Fw"
        }
      ],
      "services": {
        "appinvite_service": {
          "other_platform_oauth_client": []
        }
      }
    }
  ],
  "configuration_version": "1"
}